CREATE TABLE [Oltiva_users](
  UserId int NOT NULL primary key,
  UserName varchar(255),
  JoinDate DATETIME,
  LastActiveDate DATETIME
) WITH (SYSTEM_VERSIONING = ON, LEDGER = ON);
CREATE TABLE [Oltiva_Partners](
  PartnerId int NOT NULL,
  PartnerName varchar(255),
  PRIMARY KEY (PartnerId),
) WITH (SYSTEM_VERSIONING = ON, LEDGER = ON);
CREATE TABLE [Oltiva_QR](
  QRlocId int NOT NULL,
  QRloc varchar(255),
  PartnerId int NOT NULL,
  QRType varchar(255),
  LocType varchar(255),
  Duration DATETIME,
  PRIMARY KEY (QRlocID),
  FOREIGN KEY (PartnerId) REFERENCES Oltiva_Partners(PartnerId)
) WITH (SYSTEM_VERSIONING = ON, LEDGER = ON);
CREATE TABLE [Oltiva_DataSet](
  DataSetId int NOT NULL,
  UserId int NOT NULL,
  PartnerId int NOT NULL,
  Unit varchar(255),
  LastUpdateDateTime DATETIME,
  DataType varchar(255),
  SharedUntilDateTime DATETIME,
  DataStatus varchar(255),
  PRIMARY KEY (DataSetId),
  PRIMARY KEY (SharedUntilDateTime),
  FOREIGN KEY (PartnerId) REFERENCES Oltiva_Partners(PartnerId),
  FOREIGN KEY (UserId) REFERENCES Oltiva_users(UserId)
) WITH (SYSTEM_VERSIONING = ON, LEDGER = ON);
CREATE TABLE [Oltiva_DataPoint](
  DataPointId int NOT NULL,
  DataSetId int NOT NULL,
  DataTimestamp DATETIME,
  DataValue varchar(255),
  PRIMARY KEY (DataPointId),
  FOREIGN KEY (DataSetId) REFERENCES Oltiva_DataSet(DataSetId)
) WITH (SYSTEM_VERSIONING = ON, LEDGER = ON);
INSERT INTO
  [dbo].[Oltiva_QR](
    QRlocId,
    QRloc,
    PartnerId,
    QRType,
    LocType,
    Duration
  )
VALUES
  (
    4002,
    'actif4002',
    3004,
    'Store',
    'Equipment',
    '2021-07-13T09:00:00'
  ),
  (
    4003,
    'actif4003',
    3007,
    'Reception',
    'Healthcare',
    '2021-08-17T09:00:00'
  ),
  (
    4004,
    'actif4004',
    3009,
    'Store',
    'Equipment',
    '2022-01-01T09:00:00'
  ),
  (
    4005,
    'actif4005',
    3015,
    'Online',
    'Commercial',
    '2021-06-03T09:00:00'
  ),
  (
    4006,
    'actif4006',
    3014,
    'Gym Ad',
    'Government',
    '2021-06-03T09:00:00'
  )
INSERT INTO
  [dbo].[Oltiva_Partners] (PartnerId, PartnerName)
VALUES
  (3001, 'Sacred Heart Health Ltd'),
  (3002, 'Greater London Health Service'),
  (3003, 'Wandsworth Heath Surgery'),
  (3004, 'Jamesons Sports Equipment'),
  (3005, 'Diabetes Research UK'),
  (3006, 'Le Lapment Laboratories'),
  (3007, 'Bloomsbury Hospital'),
  (3008, 'Baker Street Clinic'),
  (3009, 'Frumptons Sports Co'),
  (3010, 'Analytics UK Inc'),
  (3011, 'Slefton Road Pharmacy'),
  (3012, 'Dr. Green Clinic'),
  (3013, 'Lambeth East Inpatient Care'),
  (3014, 'UKSR'),
  (3015, 'Facebank Data Group'),
  (3016, 'Thames Front Surgery'),
  (3017, 'National Testing Laboratories'),
  (3018, 'Pourtown Down'),
  (3019, 'Readingly Hospital'),
  (3020, 'East Buckheads Health'),
  (3021, 'Pinapple Sports Studio')
INSERT INTO
  [dbo].[Oltiva_Users] (UserId, UserName, JoinDate, LastActiveDate)
VALUES
  (
    1001,
    'Leah Wallis',
    '2021-04-17T10:41:34',
    '2021-04-17T10:41:34'
  ),
  (
    1002,
    'James Wallis',
    '2021-04-18T11:44:34',
    '2021-04-17T09:32:34'
  ),
  (
    1003,
    'Daniel Sing',
    '2021-02-11T17:54:14',
    '2021-04-17T09:33:35'
  ),
  (
    1004,
    'Sarah Green',
    '2021-01-21T13:11:54',
    '2021-04-16T17:31:33'
  ),
  (
    1005,
    'David Kelly',
    '2021-01-03T00:00:00',
    '2021-07-08T00:00:00'
  ),
  (
    1006,
    'Erica Woods',
    '2021-10-06T00:00:00',
    '2021-10-06T00:00:00'
  ),
  (
    1007,
    'Matteo Thomas',
    '2021-07-21T00:00:00',
    '2021-07-21T00:00:00'
  ),
  (
    1008,
    'Finley Day',
    '2021-07-08T00:00:00',
    '2021-01-03T00:00:00'
  ),
  (
    1009,
    'Kit Morgan',
    '2021-01-06T00:00:00',
    '2021-03-15T00:00:00'
  ),
  (
    1010,
    'Haris Carter',
    '2021-10-06T00:00:00',
    '2021-03-22T00:00:00'
  ),
  (
    1011,
    'Louise Day',
    '2021-07-08T00:00:00',
    '2021-01-06T00:00:00'
  ),
  (
    1012,
    'Cooper Reynolds',
    '2021-03-15T00:00:00',
    '2021-01-06T00:00:00'
  ),
  (
    1013,
    'Martin Foster',
    '2021-03-22T00:00:00',
    '2021-01-03T00:00:00'
  )
INSERT INTO
  [dbo].[Oltiva_DataSet](
    DataSetId,
    UserId,
    PartnerId,
    Unit,
    LastUpdateDateTime,
    DataType,
    SharedUntilDateTime,
    DataStatus
  )
VALUES(
    5000,
    1010,
    3014,
    'bpm',
    '2021-09-08T11:00:00',
    'Heart Rate',
    '2021-04-11T17:00:00',
    'active'
  ),
  (
    5001,
    1001,
    3002,
    'bpm',
    '2021-05-04T09:00:00',
    'Heart Rate',
    '2021-07-10T09:00:00',
    'active'
  ),
  (
    5002,
    1009,
    3015,
    'bpm',
    '2021-05-06T09:10:00',
    'Heart Rate',
    '2021-08-10T09:00:00',
    'active'
  ),
  (
    5003,
    1007,
    3016,
    'bpm',
    '2021-05-05T10:00:00',
    'Heart Rate',
    '2021-06-11T09:00:00',
    'active'
  ),
  (
    5004,
    1006,
    3018,
    'bpm',
    '2021-05-04T11:45:00',
    'Heart Rate',
    '2021-09-12T09:00:00',
    'active'
  ),
  (
    5005,
    1012,
    3021,
    'bpm',
    '2021-05-04T14:40:00',
    'Heart Rate',
    '2021-010-10T09:00:00',
    'active'
  ),
INSERT INTO
  [dbo.Oltiva_DataPoint](
    DataPointId,
    DataSetId,
    DataTimestamp,
    DataValue
  )
VALUES
  (100, 5000, '2020-02-10T09:56:20', 57),
  (101, 5000, '2020-02-10T09:56:24', 58),
  (102, 5000, '2020-02-10T09:56:28', 58),
  (103, 5000, '2020-02-10T09:56:32', 58),
  (104, 5000, '2020-02-10T09:56:36', 58),
  (105, 5000, '2020-02-10T09:56:40', 64),
  (106, 5000, '2020-02-10T09:56:44', 60),
  (107, 5000, '2020-02-10T09:56:48', 58),
  (108, 5000, '2020-02-10T09:56:52', 57),
  (109, 5000, '2020-02-10T09:56:56', 58),
  (110, 5000, '2020-02-10T09:57:00', 57),
  (111, 5000, '2020-02-10T09:57:04', 58),
  (112, 5000, '2020-02-10T09:57:08', 57),
  (113, 5000, '2020-02-10T09:57:12', 55),
  (114, 5000, '2020-02-10T09:57:16', 55),
  (115, 5000, '2020-02-10T09:57:20', 55),
  (116, 5000, '2020-02-10T09:57:24', 55),
  (117, 5000, '2020-02-10T09:57:28', 54),
  (118, 5000, '2020-02-10T09:57:32', 55),
  (119, 5000, '2020-02-10T09:57:36', 54),
  (120, 5000, '2020-02-10T09:57:40', 55),
  (121, 5000, '2020-02-10T09:57:44', 54),
  (122, 5000, '2020-02-10T09:57:48', 54),
  (123, 5000, '2020-02-10T09:57:52', 54),
  (124, 5000, '2020-02-10T09:57:56', 55),
  (125, 5000, '2020-02-10T09:58:00', 54),
  (126, 5000, '2020-02-10T09:58:04', 55),
  (127, 5000, '2020-02-10T09:58:08', 55),
  (128, 5000, '2020-02-10T09:58:12', 56),
  (129, 5000, '2020-02-10T09:58:16', 55),
  (130, 5000, '2020-02-10T09:58:20', 53),
  (131, 5000, '2020-02-10T09:58:24', 53),
  (132, 5000, '2020-02-10T09:58:28', 54),
  (133, 5000, '2020-02-10T09:58:32', 53),
  (134, 5000, '2020-02-10T09:58:36', 53),
  (135, 5000, '2020-02-10T09:58:40', 54),
  (136, 5000, '2020-02-10T09:58:44', 54),
  (137, 5000, '2020-02-10T09:58:48', 55),
  (138, 5000, '2020-02-10T09:58:52', 56),
  (139, 5000, '2020-02-10T09:58:56', 56),
  (140, 5000, '2020-02-10T09:59:00', 57),
  (141, 5000, '2020-02-10T09:59:04', 59),
  (142, 5000, '2020-02-10T09:59:08', 61),
  (143, 5000, '2020-02-10T09:59:12', 62),
  (144, 5000, '2020-02-10T09:59:16', 62),
  (145, 5000, '2020-02-10T09:59:20', 62),
  (146, 5000, '2020-02-10T09:59:24', 77),
  (147, 5000, '2020-02-10T09:59:28', 65),
  (148, 5000, '2020-02-10T09:59:32', 60),
  (149, 5000, '2020-02-10T09:59:36', 62),
  (150, 5000, '2020-02-10T09:59:40', 63),
  (151, 5000, '2020-02-10T09:59:44', 60),
  (152, 5000, '2020-02-10T09:59:48', 58),
  (153, 5000, '2020-02-10T09:59:52', 57),
  (154, 5000, '2020-02-10T09:59:56', 56),
  (155, 5000, '2020-02-10T10:00:00', 57),
  (156, 5000, '2020-02-10T10:00:04', 58),
  (157, 5000, '2020-02-10T10:00:08', 59),
  (158, 5000, '2020-02-10T10:00:12', 58),
  (159, 5000, '2020-02-10T10:00:16', 59),
  (160, 5000, '2020-02-10T10:00:20', 57),
  (161, 5000, '2020-02-10T10:00:24', 58),
  (162, 5000, '2020-02-10T10:00:28', 58),
  (163, 5000, '2020-02-10T10:00:32', 57),
  (164, 5000, '2020-02-10T10:00:36', 56),
  (165, 5000, '2020-02-10T10:00:40', 55),
  (166, 5000, '2020-02-10T10:00:44', 56),
  (167, 5000, '2020-02-10T10:00:48', 56),
  (168, 5000, '2020-02-10T10:00:52', 57),
  (169, 5000, '2020-02-10T10:00:56', 58),
  (170, 5000, '2020-02-10T10:01:00', 57),
  (171, 5000, '2020-02-10T10:01:04', 56),
  (172, 5000, '2020-02-10T10:01:08', 55),
  (173, 5000, '2020-02-10T10:01:12', 54),
  (174, 5000, '2020-02-10T10:01:16', 54),
  (175, 5000, '2020-02-10T10:01:20', 54),
  (176, 5000, '2020-02-10T10:01:24', 55),
  (177, 5000, '2020-02-10T10:01:28', 54),
  (178, 5000, '2020-02-10T10:01:32', 56),
  (179, 5000, '2020-02-10T10:01:36', 55),
  (180, 5000, '2020-02-10T10:01:40', 56),
  (181, 5000, '2020-02-10T10:01:44', 57),
  (182, 5000, '2020-02-10T10:01:48', 56),
  (183, 5000, '2020-02-10T10:01:52', 55),
  (184, 5000, '2020-02-10T10:01:56', 56),
  (185, 5000, '2020-02-10T10:02:00', 57),
  (186, 5000, '2020-02-10T10:02:04', 56),
  (187, 5000, '2020-02-10T10:02:08', 55),
  (188, 5000, '2020-02-10T10:02:12', 57),
  (189, 5000, '2020-02-10T10:02:16', 56),
  (190, 5000, '2020-02-10T10:02:20', 55),
  (191, 5000, '2020-02-10T10:02:24', 54),
  (192, 5000, '2020-02-10T10:02:28', 56),
  (193, 5000, '2020-02-10T10:02:32', 55),
  (194, 5000, '2020-02-10T10:02:36', 59),
  (195, 5000, '2020-02-10T10:02:40', 62),
  (196, 5000, '2020-02-10T10:02:44', 65),
  (197, 5000, '2020-02-10T10:02:48', 60),
  (198, 5000, '2020-02-10T10:02:52', 59),
  (199, 5000, '2020-02-10T10:02:56', 60),
  (200, 5000, '2020-02-10T10:03:00', 59),
  (201, 5000, '2020-02-10T10:03:04', 56),
  (202, 5000, '2020-02-10T10:03:08', 58),
  (203, 5000, '2020-02-10T10:03:12', 58),
  (204, 5000, '2020-02-10T10:03:16', 57),
  (205, 5000, '2020-02-10T10:03:20', 61),
  (206, 5000, '2020-02-10T10:03:24', 61),
  (207, 5000, '2020-02-10T10:03:28', 62),
  (208, 5000, '2020-02-10T10:03:32', 61),
  (209, 5000, '2020-02-10T10:03:36', 60),
  (210, 5000, '2020-02-10T10:03:40', 59),
  (211, 5000, '2020-02-10T10:03:44', 58),
  (212, 5000, '2020-02-10T10:03:48', 59),
  (213, 5000, '2020-02-10T10:03:52', 60),
  (214, 5000, '2020-02-10T10:03:56', 57),
  (215, 5000, '2020-02-10T10:04:00', 59),
  (216, 5000, '2020-02-10T10:04:04', 58),
  (217, 5000, '2020-02-10T10:04:08', 57),
  (218, 5000, '2020-02-10T10:04:12', 58),
  (219, 5000, '2020-02-10T10:04:16', 61),
  (220, 5000, '2020-02-10T10:04:20', 63),
  (221, 5000, '2020-02-10T10:04:24', 62),
  (222, 5000, '2020-02-10T10:04:28', 59),
  (223, 5000, '2020-02-10T10:04:32', 57),
  (224, 5000, '2020-02-10T10:04:36', 58),
  (225, 5000, '2020-02-10T10:04:40', 59),
  (226, 5000, '2020-02-10T10:04:44', 61),
  (227, 5000, '2020-02-10T10:04:48', 59),
  (228, 5000, '2020-02-10T10:04:52', 56),
  (229, 5000, '2020-02-10T10:04:56', 57),
  (230, 5000, '2020-02-10T10:05:00', 58),
  (231, 5000, '2020-02-10T10:05:04', 61),
  (232, 5000, '2020-02-10T10:05:08', 64),
  (233, 5000, '2020-02-10T10:05:12', 62),
  (234, 5000, '2020-02-10T10:05:16', 58),
  (235, 5000, '2020-02-10T10:05:20', 59),
  (236, 5000, '2020-02-10T10:05:24', 60),
  (237, 5000, '2020-02-10T10:05:28', 63),
  (238, 5000, '2020-02-10T10:05:32', 64),
  (239, 5000, '2020-02-10T10:05:36', 61),
  (240, 5000, '2020-02-10T10:05:40', 58),
  (241, 5000, '2020-02-10T10:05:44', 59),
  (242, 5000, '2020-02-10T10:05:48', 58),
  (243, 5000, '2020-02-10T10:05:52', 59),
  (244, 5000, '2020-02-10T10:05:56', 61),
  (245, 5000, '2020-02-10T10:06:00', 60),
  (246, 5000, '2020-02-10T10:06:04', 57),
  (247, 5000, '2020-02-10T10:06:08', 56),
  (248, 5000, '2020-02-10T10:06:12', 59),
  (249, 5000, '2020-02-10T10:06:16', 60),
  (250, 5000, '2020-02-10T10:06:20', 61),
  (251, 5000, '2020-02-10T10:06:24', 63),
  (252, 5000, '2020-02-10T10:06:28', 62),
  (253, 5000, '2020-02-10T10:06:32', 60),
  (254, 5000, '2020-02-10T10:06:36', 64),
  (255, 5000, '2020-02-10T10:06:40', 64),
  (256, 5000, '2020-02-10T10:06:44', 66),
  (257, 5000, '2020-02-10T10:06:48', 65),
  (258, 5000, '2020-02-10T10:06:52', 66),
  (259, 5000, '2020-02-10T10:06:56', 64),
  (260, 5000, '2020-02-10T10:07:00', 66),
  (261, 5000, '2020-02-10T10:07:04', 69),
  (262, 5000, '2020-02-10T10:07:08', 63),
  (263, 5000, '2020-02-10T10:07:12', 62),
  (264, 5000, '2020-02-10T10:07:16', 62),
  (265, 5000, '2020-02-10T10:07:20', 61),
  (266, 5000, '2020-02-10T10:07:24', 62),
  (267, 5000, '2020-02-10T10:07:28', 59),
  (268, 5000, '2020-02-10T10:07:32', 56),
  (269, 5000, '2020-02-10T10:07:36', 55),
  (270, 5000, '2020-02-10T10:07:40', 56),
  (271, 5000, '2020-02-10T10:07:44', 58),
  (272, 5000, '2020-02-10T10:07:48', 59),
  (273, 5000, '2020-02-10T10:07:52', 58),
  (274, 5000, '2020-02-10T10:07:56', 61),
  (275, 5000, '2020-02-10T10:08:00', 63),
  (276, 5000, '2020-02-10T10:08:04', 60),
  (277, 5000, '2020-02-10T10:08:08', 59),
  (278, 5000, '2020-02-10T10:08:12', 57),
  (279, 5000, '2020-02-10T10:08:16', 56),
  (280, 5000, '2020-02-10T10:08:20', 55),
  (281, 5000, '2020-02-10T10:08:24', 56),
  (282, 5000, '2020-02-10T10:08:28', 56),
  (283, 5000, '2020-02-10T10:08:32', 58),
  (284, 5000, '2020-02-10T10:08:36', 56),
  (285, 5000, '2020-02-10T10:08:40', 57),
  (286, 5000, '2020-02-10T10:08:44', 58),
  (287, 5000, '2020-02-10T10:08:48', 60),
  (288, 5000, '2020-02-10T10:08:52', 62),
  (289, 5000, '2020-02-10T10:08:56', 61),
  (290, 5000, '2020-02-10T10:09:00', 60),
  (291, 5000, '2020-02-10T10:09:04', 59),
  (292, 5000, '2020-02-10T10:09:08', 57),
  (293, 5000, '2020-02-10T10:09:12', 55),
  (294, 5000, '2020-02-10T10:09:16', 54),
  (295, 5000, '2020-02-10T10:09:20', 55),
  (296, 5000, '2020-02-10T10:09:24', 58),
  (297, 5000, '2020-02-10T10:09:28', 56),
  (298, 5000, '2020-02-10T10:09:32', 58),
  (299, 5000, '2020-02-10T10:09:36', 57),
  (300, 5000, '2020-02-10T10:09:40', 58),
  (301, 5000, '2020-02-10T10:09:44', 62),
  (302, 5000, '2020-02-10T10:09:48', 61),
  (303, 5000, '2020-02-10T10:09:52', 63),
  (304, 5000, '2020-02-10T10:09:56', 61),
  (305, 5000, '2020-02-10T10:10:00', 60),
  (306, 5000, '2020-02-10T10:10:04', 58),
  (307, 5000, '2020-02-10T10:10:08', 57),
  (308, 5000, '2020-02-10T10:10:12', 55),
  (309, 5000, '2020-02-10T10:10:16', 54),
  (310, 5000, '2020-02-10T10:10:20', 56),
  (311, 5000, '2020-02-10T10:10:24', 60),
  (312, 5000, '2020-02-10T10:10:28', 59),
  (313, 5000, '2020-02-10T10:10:32', 58),
  (314, 5000, '2020-02-10T10:10:36', 57),
  (315, 5000, '2020-02-10T10:10:40', 56),
  (316, 5000, '2020-02-10T10:10:44', 55),
  (317, 5000, '2020-02-10T10:10:48', 56),
  (318, 5000, '2020-02-10T10:10:52', 57),
  (319, 5000, '2020-02-10T10:10:56', 58),
  (320, 5000, '2020-02-10T10:11:00', 57),
  (321, 5000, '2020-02-10T10:11:04', 58),
  (322, 5000, '2020-02-10T10:11:08', 56),
  (323, 5000, '2020-02-10T10:11:12', 60),
  (324, 5000, '2020-02-10T10:11:16', 61),
  (325, 5000, '2020-02-10T10:11:20', 59),
  (326, 5000, '2020-02-10T10:11:24', 58),
  (327, 5000, '2020-02-10T10:11:28', 57),
  (328, 5000, '2020-02-10T10:11:32', 55),
  (329, 5000, '2020-02-10T10:11:36', 54),
  (330, 5000, '2020-02-10T10:11:40', 55),
  (331, 5000, '2020-02-10T10:11:44', 56),
  (332, 5000, '2020-02-10T10:11:48', 55),
  (333, 5000, '2020-02-10T10:11:52', 54),
  (334, 5000, '2020-02-10T10:11:56', 56),
  (335, 5000, '2020-02-10T10:12:00', 55),
  (336, 5000, '2020-02-10T10:12:04', 56),
  (337, 5000, '2020-02-10T10:12:08', 55),
  (338, 5000, '2020-02-10T10:12:12', 54),
  (339, 5000, '2020-02-10T10:12:16', 60),
  (340, 5000, '2020-02-10T10:12:20', 59),
  (341, 5000, '2020-02-10T10:12:24', 57),
  (342, 5000, '2020-02-10T10:12:28', 58),
  (343, 5000, '2020-02-10T10:12:32', 58),
  (344, 5000, '2020-02-10T10:12:36', 57),
  (345, 5000, '2020-02-10T10:12:40', 56),
  (346, 5000, '2020-02-10T10:12:44', 56),
  (347, 5000, '2020-02-10T10:12:48', 58),
  (348, 5000, '2020-02-10T10:12:52', 57),
  (349, 5000, '2020-02-10T10:12:56', 56),
  (350, 5000, '2020-02-10T10:13:00', 57),
  (351, 5000, '2020-02-10T10:13:04', 56),
  (352, 5000, '2020-02-10T10:13:08', 55),
  (353, 5000, '2020-02-10T10:13:12', 54),
  (354, 5000, '2020-02-10T10:13:16', 53),
  (355, 5000, '2020-02-10T10:13:20', 56),
  (356, 5000, '2020-02-10T10:13:24', 58),
  (357, 5000, '2020-02-10T10:13:28', 61),
  (358, 5000, '2020-02-10T10:13:32', 58),
  (359, 5000, '2020-02-10T10:13:36', 56),
  (360, 5000, '2020-02-10T10:13:40', 57),
  (361, 5000, '2020-02-10T10:13:44', 60),
  (362, 5000, '2020-02-10T10:13:48', 60),
  (363, 5000, '2020-02-10T10:13:52', 60),
  (364, 5000, '2020-02-10T10:13:56', 58),
  (365, 5000, '2020-02-10T10:14:00', 58),
  (366, 5000, '2020-02-10T10:14:04', 57),
  (367, 5000, '2020-02-10T10:14:08', 59),
  (368, 5000, '2020-02-10T10:14:12', 60),
  (369, 5000, '2020-02-10T10:14:16', 59),
  (370, 5000, '2020-02-10T10:14:20', 60),
  (371, 5000, '2020-02-10T10:14:24', 58),
  (372, 5000, '2020-02-10T10:14:28', 56),
  (373, 5000, '2020-02-10T10:14:32', 58),
  (374, 5000, '2020-02-10T10:14:36', 61),
  (375, 5000, '2020-02-10T10:14:40', 56),
  (376, 5000, '2020-02-10T10:14:44', 57),
  (377, 5000, '2020-02-10T10:14:48', 56),
  (378, 5000, '2020-02-10T10:14:52', 55),
  (379, 5000, '2020-02-10T10:14:56', 56),
  (380, 5000, '2020-02-10T10:15:00', 55),
  (381, 5000, '2020-02-10T10:15:04', 60),
  (382, 5000, '2020-02-10T10:15:08', 61),
  (383, 5000, '2020-02-10T10:15:12', 58),
  (384, 5000, '2020-02-10T10:15:16', 60),
  (385, 5000, '2020-02-10T10:15:20', 58),
  (386, 5000, '2020-02-10T10:15:24', 57),
  (387, 5000, '2020-02-10T10:15:28', 58),
  (388, 5000, '2020-02-10T10:15:32', 57),
  (389, 5000, '2020-02-10T10:15:36', 57),
  (390, 5000, '2020-02-10T10:15:40', 57),
  (391, 5000, '2020-02-10T10:15:44', 57),
  (392, 5000, '2020-02-10T10:15:48', 56),
  (393, 5000, '2020-02-10T10:15:52', 56),
  (394, 5000, '2020-02-10T10:15:56', 55),
  (395, 5000, '2020-02-10T10:16:00', 53),
  (396, 5000, '2020-02-10T10:16:04', 54),
  (397, 5000, '2020-02-10T10:16:08', 55),
  (398, 5000, '2020-02-10T10:16:12', 57),
  (399, 5000, '2020-02-10T10:16:16', 58),
  (400, 5000, '2020-02-10T10:16:20', 57),
  (401, 5000, '2020-02-10T10:16:24', 56),
  (402, 5000, '2020-02-10T10:16:28', 57),
  (403, 5000, '2020-02-10T10:16:32', 56),
  (404, 5000, '2020-02-10T10:16:36', 57),
  (405, 5000, '2020-02-10T10:16:40', 59),
  (406, 5000, '2020-02-10T10:16:44', 58),
  (407, 5000, '2020-02-10T10:16:48', 59),
  (408, 5000, '2020-02-10T10:16:52', 57),
  (409, 5000, '2020-02-10T10:16:56', 55),
  (410, 5000, '2020-02-10T10:17:00', 55),
  (411, 5000, '2020-02-10T10:17:04', 56),
  (412, 5000, '2020-02-10T10:17:08', 57),
  (413, 5000, '2020-02-10T10:17:12', 58),
  (414, 5000, '2020-02-10T10:17:16', 59),
  (415, 5000, '2020-02-10T10:17:20', 59),
  (416, 5000, '2020-02-10T10:17:24', 61),
  (417, 5000, '2020-02-10T10:17:28', 60),
  (418, 5000, '2020-02-10T10:17:32', 58),
  (419, 5000, '2020-02-10T10:17:36', 56),
  (420, 5000, '2020-02-10T10:17:40', 55),
  (421, 5000, '2020-02-10T10:17:44', 56),
  (422, 5000, '2020-02-10T10:17:48', 55),
  (423, 5000, '2020-02-10T10:17:52', 54),
  (424, 5000, '2020-02-10T10:17:56', 55),
  (425, 5000, '2020-02-10T10:18:00', 56),
  (426, 5000, '2020-02-10T10:18:04', 57),
  (427, 5000, '2020-02-10T10:18:08', 56),
  (428, 5000, '2020-02-10T10:18:12', 57),
  (429, 5000, '2020-02-10T10:18:16', 55),
  (430, 5000, '2020-02-10T10:18:20', 56),
  (431, 5000, '2020-02-10T10:18:24', 57),
  (432, 5000, '2020-02-10T10:18:28', 59),
  (433, 5000, '2020-02-10T10:18:32', 58),
  (434, 5000, '2020-02-10T10:18:36', 57),
  (435, 5000, '2020-02-10T10:18:40', 56),
  (436, 5000, '2020-02-10T10:18:44', 55),
  (437, 5000, '2020-02-10T10:18:48', 54),
  (438, 5000, '2020-02-10T10:18:52', 55),
  (439, 5000, '2020-02-10T10:18:56', 54),
  (440, 5000, '2020-02-10T10:19:00', 55),
  (441, 5000, '2020-02-10T10:19:04', 56),
  (442, 5000, '2020-02-10T10:19:08', 57),
  (443, 5000, '2020-02-10T10:19:12', 55),
  (444, 5000, '2020-02-10T10:19:16', 55),
  (445, 5000, '2020-02-10T10:19:20', 56),
  (446, 5000, '2020-02-10T10:19:24', 55),
  (447, 5000, '2020-02-10T10:19:28', 56),
  (448, 5000, '2020-02-10T10:19:32', 55),
  (449, 5000, '2020-02-10T10:19:36', 54),
  (450, 5000, '2020-02-10T10:19:40', 54),
  (451, 5000, '2020-02-10T10:19:44', 55),
  (452, 5000, '2020-02-10T10:19:48', 55),
  (453, 5000, '2020-02-10T10:19:52', 56),
  (454, 5000, '2020-02-10T10:19:56', 55),
  (455, 5000, '2020-02-10T10:20:00', 54),
  (456, 5000, '2020-02-10T10:20:04', 55),
  (457, 5000, '2020-02-10T10:20:08', 54),
  (458, 5000, '2020-02-10T10:20:12', 55),
  (459, 5000, '2020-02-10T10:20:16', 54),
  (460, 5000, '2020-02-10T10:20:20', 55),
  (461, 5000, '2020-02-10T10:20:24', 56),
  (462, 5000, '2020-02-10T10:20:28', 57),
  (463, 5000, '2020-02-10T10:20:32', 56),
  (464, 5000, '2020-02-10T10:20:36', 55),
  (465, 5000, '2020-02-10T10:20:40', 55),
  (466, 5000, '2020-02-10T10:20:44', 54),
  (467, 5000, '2020-02-10T10:20:48', 53),
  (468, 5000, '2020-02-10T10:20:52', 54),
  (469, 5000, '2020-02-10T10:20:56', 55),
  (470, 5000, '2020-02-10T10:21:00', 54),
  (471, 5000, '2020-02-10T10:21:04', 54),
  (472, 5000, '2020-02-10T10:21:08', 55),
  (473, 5000, '2020-02-10T10:21:12', 54),
  (474, 5000, '2020-02-10T10:21:16', 55),
  (475, 5000, '2020-02-10T10:21:20', 54),
  (476, 5000, '2020-02-10T10:21:24', 55),
  (477, 5000, '2020-02-10T10:21:28', 54),
  (478, 5000, '2020-02-10T10:21:32', 54),
  (479, 5000, '2020-02-10T10:21:36', 54),
  (480, 5000, '2020-02-10T10:21:40', 55),
  (481, 5000, '2020-02-10T10:21:44', 55),
  (482, 5000, '2020-02-10T10:21:48', 54),
  (483, 5000, '2020-02-10T10:21:52', 55),
  (484, 5000, '2020-02-10T10:21:56', 54),
  (485, 5000, '2020-02-10T10:22:00', 54),
  (486, 5000, '2020-02-10T10:22:04', 53),
  (487, 5000, '2020-02-10T10:22:08', 54),
  (488, 5000, '2020-02-10T10:22:12', 54),
  (489, 5000, '2020-02-10T10:22:16', 55),
  (490, 5000, '2020-02-10T10:22:20', 54),
  (491, 5000, '2020-02-10T10:22:24', 55),
  (492, 5000, '2020-02-10T10:22:28', 54),
  (493, 5000, '2020-02-10T10:22:32', 54),
  (494, 5000, '2020-02-10T10:22:36', 55),
  (495, 5000, '2020-02-10T10:22:40', 54),
  (496, 5000, '2020-02-10T10:22:44', 55),
  (497, 5000, '2020-02-10T10:22:48', 54),
  (498, 5000, '2020-02-10T10:22:52', 54),
  (499, 5000, '2020-02-10T10:22:56', 54),
  (500, 5000, '2020-02-10T10:23:00', 55),
  (501, 5000, '2020-02-10T10:23:04', 54),
  (502, 5000, '2020-02-10T10:23:08', 55),
  (503, 5000, '2020-02-10T10:23:12', 54),
  (504, 5000, '2020-02-10T10:23:16', 53),
  (505, 5000, '2020-02-10T10:23:20', 54),
  (506, 5000, '2020-02-10T10:23:24', 53),
  (507, 5000, '2020-02-10T10:23:28', 54),
  (508, 5000, '2020-02-10T10:23:32', 53),
  (509, 5000, '2020-02-10T10:23:36', 53),
  (510, 5000, '2020-02-10T10:23:40', 53),
  (511, 5000, '2020-02-10T10:23:44', 53),
  (512, 5000, '2020-02-10T10:23:48', 53),
  (513, 5000, '2020-02-10T10:23:52', 53),
  (514, 5000, '2020-02-10T10:23:56', 54),
  (515, 5000, '2020-02-10T10:24:00', 53),
  (516, 5000, '2020-02-10T10:24:04', 54),
  (517, 5000, '2020-02-10T10:24:08', 54),
  (518, 5000, '2020-02-10T10:24:12', 53),
  (519, 5000, '2020-02-10T10:24:16', 54),
  (520, 5000, '2020-02-10T10:24:20', 55),
  (521, 5000, '2020-02-10T10:24:24', 54),
  (522, 5000, '2020-02-10T10:24:28', 53),
  (523, 5000, '2020-02-10T10:24:32', 53),
  (524, 5000, '2020-02-10T10:24:36', 53),
  (525, 5000, '2020-02-10T10:24:40', 53),
  (526, 5000, '2020-02-10T10:24:44', 54),
  (527, 5000, '2020-02-10T10:24:48', 53),
  (528, 5000, '2020-02-10T10:24:52', 53),
  (529, 5000, '2020-02-10T10:24:56', 53),
  (530, 5000, '2020-02-10T10:25:00', 53),
  (531, 5000, '2020-02-10T10:25:04', 54),
  (532, 5000, '2020-02-10T10:25:08', 53),
  (533, 5000, '2020-02-10T10:25:12', 54),
  (534, 5000, '2020-02-10T10:25:16', 54),
  (535, 5000, '2020-02-10T10:25:20', 53),
  (536, 5000, '2020-02-10T10:25:24', 53),
  (537, 5000, '2020-02-10T10:25:28', 54),
  (538, 5000, '2020-02-10T10:25:32', 54),
  (539, 5000, '2020-02-10T10:25:36', 54),
  (540, 5000, '2020-02-10T10:25:40', 54),
  (541, 5000, '2020-02-10T10:25:44', 54),
  (542, 5000, '2020-02-10T10:25:48', 54),
  (543, 5000, '2020-02-10T10:25:52', 55),
  (544, 5000, '2020-02-10T10:25:56', 55),
  (545, 5000, '2020-02-10T10:26:00', 54),
  (546, 5000, '2020-02-10T10:26:04', 54),
  (547, 5000, '2020-02-10T10:26:08', 54),
  (548, 5000, '2020-02-10T10:26:12', 55),
  (549, 5000, '2020-02-10T10:26:16', 56),
  (550, 5000, '2020-02-10T10:26:20', 55),
  (551, 5000, '2020-02-10T10:26:24', 55),
  (552, 5000, '2020-02-10T10:26:28', 55),
  (553, 5000, '2020-02-10T10:26:32', 55),
  (554, 5000, '2020-02-10T10:26:36', 54),
  (555, 5000, '2020-02-10T10:26:40', 55),
  (556, 5000, '2020-02-10T10:26:44', 55),
  (557, 5000, '2020-02-10T10:26:48', 56),
  (558, 5000, '2020-02-10T10:26:52', 55),
  (559, 5000, '2020-02-10T10:26:56', 55),
  (560, 5000, '2020-02-10T10:27:00', 56),
  (561, 5000, '2020-02-10T10:27:04', 55),
  (562, 5000, '2020-02-10T10:27:08', 55),
  (563, 5000, '2020-02-10T10:27:12', 55),
  (564, 5000, '2020-02-10T10:27:16', 56),
  (565, 5000, '2020-02-10T10:27:20', 55),
  (566, 5000, '2020-02-10T10:27:24', 54),
  (567, 5000, '2020-02-10T10:27:28', 54),
  (568, 5000, '2020-02-10T10:27:32', 55),
  (569, 5000, '2020-02-10T10:27:36', 56),
  (570, 5000, '2020-02-10T10:27:40', 55),
  (571, 5000, '2020-02-10T10:27:44', 55),
  (572, 5000, '2020-02-10T10:27:48', 55),
  (573, 5000, '2020-02-10T10:27:52', 55),
  (574, 5000, '2020-02-10T10:27:56', 56),
  (575, 5000, '2020-02-10T10:28:00', 56),
  (576, 5000, '2020-02-10T10:28:04', 56),
  (577, 5000, '2020-02-10T10:28:08', 56),
  (578, 5000, '2020-02-10T10:28:12', 56),
  (579, 5000, '2020-02-10T10:28:16', 56),
  (580, 5000, '2020-02-10T10:28:20', 55),
  (581, 5000, '2020-02-10T10:28:24', 55),
  (582, 5000, '2020-02-10T10:28:28', 53),
  (583, 5000, '2020-02-10T10:28:32', 54),
  (584, 5000, '2020-02-10T10:28:36', 54),
  (585, 5000, '2020-02-10T10:28:40', 55),
  (586, 5000, '2020-02-10T10:28:44', 56),
  (587, 5000, '2020-02-10T10:28:48', 56),
  (588, 5000, '2020-02-10T10:28:52', 56),
  (589, 5000, '2020-02-10T10:28:56', 57),
  (590, 5000, '2020-02-10T10:29:00', 58),
  (591, 5000, '2020-02-10T10:29:04', 57),
  (592, 5000, '2020-02-10T10:29:08', 58),
  (593, 5000, '2020-02-10T10:29:12', 56),
  (594, 5000, '2020-02-10T10:29:16', 55),
  (595, 5000, '2020-02-10T10:29:20', 56),
  (596, 5000, '2020-02-10T10:29:24', 55),
  (597, 5000, '2020-02-10T10:29:28', 54),
  (598, 5000, '2020-02-10T10:29:32', 53),
  (599, 5000, '2020-02-10T10:29:36', 52),
  (600, 5000, '2020-02-10T10:29:40', 52),
  (601, 5000, '2020-02-10T10:29:44', 53),
  (602, 5000, '2020-02-10T10:29:48', 54),
  (603, 5000, '2020-02-10T10:29:52', 53),
  (604, 5000, '2020-02-10T10:29:56', 54),
  (605, 5000, '2020-02-10T10:30:00', 53),
  (606, 5000, '2020-02-10T10:30:04', 53),
  (607, 5000, '2020-02-10T10:30:08', 55),
  (608, 5000, '2020-02-10T10:30:12', 54),
  (609, 5000, '2020-02-10T10:30:16', 53),
  (610, 5000, '2020-02-10T10:30:20', 53),
  (611, 5000, '2020-02-10T10:30:24', 54),
  (612, 5000, '2020-02-10T10:30:28', 55),
  (613, 5000, '2020-02-10T10:30:32', 54),
  (614, 5000, '2020-02-10T10:30:36', 55),
  (615, 5000, '2020-02-10T10:30:40', 56),
  (616, 5000, '2020-02-10T10:30:44', 55),
  (617, 5000, '2020-02-10T10:30:48', 54),
  (618, 5000, '2020-02-10T10:30:52', 53),
  (619, 5000, '2020-02-10T10:30:56', 54),
  (620, 5000, '2020-02-10T10:31:00', 55),
  (621, 5000, '2020-02-10T10:31:04', 54),
  (622, 5000, '2020-02-10T10:31:08', 53),
  (623, 5000, '2020-02-10T10:31:12', 54),
  (624, 5000, '2020-02-10T10:31:16', 55),
  (625, 5000, '2020-02-10T10:31:20', 54),
  (626, 5000, '2020-02-10T10:31:24', 54),
  (627, 5000, '2020-02-10T10:31:28', 55),
  (628, 5000, '2020-02-10T10:31:32', 54),
  (629, 5000, '2020-02-10T10:31:36', 53),
  (630, 5000, '2020-02-10T10:31:40', 53),
  (631, 5000, '2020-02-10T10:31:44', 54),
  (632, 5000, '2020-02-10T10:31:48', 54),
  (633, 5000, '2020-02-10T10:31:52', 54),
  (634, 5000, '2020-02-10T10:31:56', 53),
  (635, 5000, '2020-02-10T10:32:00', 54),
  (636, 5000, '2020-02-10T10:32:04', 55),
  (637, 5000, '2020-02-10T10:32:08', 54),
  (638, 5000, '2020-02-10T10:32:12', 53),
  (639, 5000, '2020-02-10T10:32:16', 54),
  (640, 5000, '2020-02-10T10:32:20', 54),
  (641, 5000, '2020-02-10T10:32:24', 53),
  (642, 5000, '2020-02-10T10:32:28', 53),
  (643, 5000, '2020-02-10T10:32:32', 54),
  (644, 5000, '2020-02-10T10:32:36', 55),
  (645, 5000, '2020-02-10T10:32:40', 54),
  (646, 5000, '2020-02-10T10:32:44', 54),
  (647, 5000, '2020-02-10T10:32:48', 53),
  (648, 5000, '2020-02-10T10:32:52', 53),
  (649, 5000, '2020-02-10T10:32:56', 54),
  (650, 5000, '2020-02-10T10:33:00', 55),
  (651, 5000, '2020-02-10T10:33:04', 54),
  (652, 5000, '2020-02-10T10:33:08', 53),
  (653, 5000, '2020-02-10T10:33:12', 53),
  (654, 5000, '2020-02-10T10:33:16', 54),
  (655, 5000, '2020-02-10T10:33:20', 54),
  (656, 5000, '2020-02-10T10:33:24', 53),
  (657, 5000, '2020-02-10T10:33:28', 53),
  (658, 5000, '2020-02-10T10:33:32', 54),
  (659, 5000, '2020-02-10T10:33:36', 54),
  (660, 5000, '2020-02-10T10:33:40', 54),
  (661, 5000, '2020-02-10T10:33:44', 53),
  (662, 5000, '2020-02-10T10:33:48', 53),
  (663, 5000, '2020-02-10T10:33:52', 54),
  (664, 5000, '2020-02-10T10:33:56', 55),
  (665, 5000, '2020-02-10T10:34:00', 54),
  (666, 5000, '2020-02-10T10:34:04', 55),
  (667, 5000, '2020-02-10T10:34:08', 54),
  (668, 5000, '2020-02-10T10:34:12', 55),
  (669, 5000, '2020-02-10T10:34:16', 54),
  (670, 5000, '2020-02-10T10:34:20', 54),
  (671, 5000, '2020-02-10T10:34:24', 54),
  (672, 5000, '2020-02-10T10:34:28', 54),
  (673, 5000, '2020-02-10T10:34:32', 53),
  (674, 5000, '2020-02-10T10:34:36', 52),
  (675, 5000, '2020-02-10T10:34:40', 53),
  (676, 5000, '2020-02-10T10:34:44', 54),
  (677, 5000, '2020-02-10T10:34:48', 53),
  (678, 5000, '2020-02-10T10:34:52', 54),
  (679, 5000, '2020-02-10T10:34:56', 53),
  (680, 5000, '2020-02-10T10:35:00', 53),
  (681, 5000, '2020-02-10T10:35:04', 54),
  (682, 5000, '2020-02-10T10:35:08', 53),
  (683, 5000, '2020-02-10T10:35:12', 53),
  (684, 5000, '2020-02-10T10:35:16', 54),
  (685, 5000, '2020-02-10T10:35:20', 69),
  (686, 5000, '2020-02-10T10:35:24', 69),
  (687, 5000, '2020-02-10T10:35:28', 68),
  (688, 5000, '2020-02-10T10:35:32', 66),
  (689, 5000, '2020-02-10T10:35:36', 58),
  (690, 5000, '2020-02-10T10:35:40', 57),
  (691, 5000, '2020-02-10T10:35:44', 55),
  (692, 5000, '2020-02-10T10:35:48', 54),
  (693, 5000, '2020-02-10T10:35:52', 53),
  (694, 5000, '2020-02-10T10:35:56', 53),
  (695, 5000, '2020-02-10T10:36:00', 55),
  (696, 5000, '2020-02-10T10:36:04', 54),
  (697, 5000, '2020-02-10T10:36:08', 53),
  (698, 5000, '2020-02-10T10:36:12', 52),
  (699, 5000, '2020-02-10T10:36:16', 52),
  (700, 5000, '2020-02-10T10:36:20', 52),
  (701, 5000, '2020-02-10T10:36:24', 52),
  (702, 5000, '2020-02-10T10:36:28', 50),
  (703, 5000, '2020-02-10T10:36:32', 50),
  (704, 5000, '2020-02-10T10:36:36', 51),
  (705, 5000, '2020-02-10T10:36:40', 53),
  (706, 5000, '2020-02-10T10:36:44', 53),
  (707, 5000, '2020-02-10T10:36:48', 53),
  (708, 5000, '2020-02-10T10:36:52', 60),
  (709, 5000, '2020-02-10T10:36:56', 71),
  (710, 5000, '2020-02-10T10:37:00', 69),
  (711, 5000, '2020-02-10T10:37:04', 58),
  (712, 5000, '2020-02-10T10:37:08', 57),
  (713, 5000, '2020-02-10T10:37:12', 55),
  (714, 5000, '2020-02-10T10:37:16', 56),
  (715, 5000, '2020-02-10T10:37:20', 59),
  (716, 5000, '2020-02-10T10:37:24', 57),
  (717, 5000, '2020-02-10T10:37:28', 56),
  (718, 5000, '2020-02-10T10:37:32', 55),
  (719, 5000, '2020-02-10T10:37:36', 54),
  (720, 5000, '2020-02-10T10:37:40', 54),
  (721, 5000, '2020-02-10T10:37:44', 55),
  (722, 5000, '2020-02-10T10:37:48', 54),
  (723, 5000, '2020-02-10T10:37:52', 55),
  (724, 5000, '2020-02-10T10:37:56', 56),
  (725, 5000, '2020-02-10T10:38:00', 55),
  (726, 5000, '2020-02-10T10:38:04', 54),
  (727, 5000, '2020-02-10T10:38:08', 53),
  (728, 5000, '2020-02-10T10:38:12', 54),
  (729, 5000, '2020-02-10T10:38:16', 56),
  (730, 5000, '2020-02-10T10:38:20', 55),
  (731, 5000, '2020-02-10T10:38:24', 54),
  (732, 5000, '2020-02-10T10:38:28', 55),
  (733, 5000, '2020-02-10T10:38:32', 54),
  (734, 5000, '2020-02-10T10:38:36', 55),
  (735, 5000, '2020-02-10T10:38:40', 55),
  (736, 5000, '2020-02-10T10:38:44', 55),
  (737, 5000, '2020-02-10T10:38:48', 54),
  (738, 5000, '2020-02-10T10:38:52', 54),
  (739, 5000, '2020-02-10T10:38:56', 53),
  (740, 5000, '2020-02-10T10:39:00', 54),
  (741, 5000, '2020-02-10T10:39:04', 55),
  (742, 5000, '2020-02-10T10:39:08', 54),
  (743, 5000, '2020-02-10T10:39:12', 53),
  (744, 5000, '2020-02-10T10:39:16', 53),
  (745, 5000, '2020-02-10T10:39:20', 54),
  (746, 5000, '2020-02-10T10:39:24', 54),
  (747, 5000, '2020-02-10T10:39:28', 55),
  (748, 5000, '2020-02-10T10:39:32', 54),
  (749, 5000, '2020-02-10T10:39:36', 53),
  (750, 5000, '2020-02-10T10:39:40', 54),
  (751, 5000, '2020-02-10T10:39:44', 53),
  (752, 5000, '2020-02-10T10:39:48', 54),
  (753, 5000, '2020-02-10T10:39:52', 53),
  (754, 5000, '2020-02-10T10:39:56', 54),
  (755, 5000, '2020-02-10T10:40:00', 53),
  (756, 5000, '2020-02-10T10:40:04', 54),
  (757, 5000, '2020-02-10T10:40:08', 53),
  (758, 5000, '2020-02-10T10:40:12', 54),
  (759, 5000, '2020-02-10T10:40:16', 54),
  (760, 5000, '2020-02-10T10:40:20', 53),
  (761, 5000, '2020-02-10T10:40:24', 54),
  (762, 5000, '2020-02-10T10:40:28', 53),
  (763, 5000, '2020-02-10T10:40:32', 53),
  (764, 5000, '2020-02-10T10:40:36', 53),
  (765, 5000, '2020-02-10T10:40:40', 53),
  (766, 5000, '2020-02-10T10:40:44', 53),
  (767, 5000, '2020-02-10T10:40:48', 53),
  (768, 5000, '2020-02-10T10:40:52', 54),
  (769, 5000, '2020-02-10T10:40:56', 53),
  (770, 5000, '2020-02-10T10:41:00', 53),
  (771, 5000, '2020-02-10T10:41:04', 54),
  (772, 5000, '2020-02-10T10:41:08', 53),
  (773, 5000, '2020-02-10T10:41:12', 54),
  (774, 5000, '2020-02-10T10:41:16', 55),
  (775, 5000, '2020-02-10T10:41:20', 54),
  (776, 5000, '2020-02-10T10:41:24', 53),
  (777, 5000, '2020-02-10T10:41:28', 54),
  (778, 5000, '2020-02-10T10:41:32', 55),
  (779, 5000, '2020-02-10T10:41:36', 54),
  (780, 5000, '2020-02-10T10:41:40', 53),
  (781, 5000, '2020-02-10T10:41:44', 54),
  (782, 5000, '2020-02-10T10:41:48', 53),
  (783, 5000, '2020-02-10T10:41:52', 54),
  (784, 5000, '2020-02-10T10:41:56', 53),
  (785, 5000, '2020-02-10T10:42:00', 53),
  (786, 5000, '2020-02-10T10:42:04', 54),
  (787, 5000, '2020-02-10T10:42:08', 54),
  (788, 5000, '2020-02-10T10:42:12', 54),
  (789, 5000, '2020-02-10T10:42:16', 53),
  (790, 5000, '2020-02-10T10:42:20', 53),
  (791, 5000, '2020-02-10T10:42:24', 54),
  (792, 5000, '2020-02-10T10:42:28', 54),
  (793, 5000, '2020-02-10T10:42:32', 53),
  (794, 5000, '2020-02-10T10:42:36', 53),
  (795, 5000, '2020-02-10T10:42:40', 53),
  (796, 5000, '2020-02-10T10:42:44', 53),
  (797, 5000, '2020-02-10T10:42:48', 52),
  (798, 5000, '2020-02-10T10:42:52', 53),
  (799, 5000, '2020-02-10T10:42:56', 53),
  (800, 5000, '2020-02-10T10:43:00', 53),
  (801, 5000, '2020-02-10T10:43:04', 54),
  (802, 5000, '2020-02-10T10:43:08', 53),
  (803, 5000, '2020-02-10T10:43:12', 53),
  (804, 5000, '2020-02-10T10:43:16', 52),
  (805, 5000, '2020-02-10T10:43:20', 53),
  (806, 5000, '2020-02-10T10:43:24', 52),
  (807, 5000, '2020-02-10T10:43:28', 51),
  (808, 5000, '2020-02-10T10:43:32', 52),
  (809, 5000, '2020-02-10T10:43:36', 52),
  (810, 5000, '2020-02-10T10:43:40', 53),
  (811, 5000, '2020-02-10T10:43:44', 52),
  (812, 5000, '2020-02-10T10:43:48', 52),
  (813, 5000, '2020-02-10T10:43:52', 52),
  (814, 5000, '2020-02-10T10:43:56', 51),
  (815, 5000, '2020-02-10T10:44:00', 51),
  (816, 5000, '2020-02-10T10:44:04', 52),
  (817, 5000, '2020-02-10T10:44:08', 52),
  (818, 5000, '2020-02-10T10:44:12', 51),
  (819, 5000, '2020-02-10T10:44:16', 51),
  (820, 5000, '2020-02-10T10:44:20', 51),
  (821, 5000, '2020-02-10T10:44:24', 51),
  (822, 5000, '2020-02-10T10:44:28', 51),
  (823, 5000, '2020-02-10T10:44:32', 51),
  (824, 5000, '2020-02-10T10:44:36', 50),
  (825, 5000, '2020-02-10T10:44:40', 50),
  (826, 5000, '2020-02-10T10:44:44', 50),
  (827, 5000, '2020-02-10T10:44:48', 51),
  (828, 5000, '2020-02-10T10:44:52', 52),
  (829, 5000, '2020-02-10T10:44:56', 51),
  (830, 5000, '2020-02-10T10:45:00', 50),
  (831, 5000, '2020-02-10T10:45:04', 50),
  (832, 5000, '2020-02-10T10:45:08', 50),
  (833, 5000, '2020-02-10T10:45:12', 50),
  (834, 5000, '2020-02-10T10:45:16', 50),
  (835, 5000, '2020-02-10T10:45:20', 50),
  (836, 5000, '2020-02-10T10:45:24', 50),
  (837, 5000, '2020-02-10T10:45:28', 49),
  (838, 5000, '2020-02-10T10:45:32', 49),
  (839, 5000, '2020-02-10T10:45:36', 49),
  (840, 5000, '2020-02-10T10:45:40', 50),
  (841, 5000, '2020-02-10T10:45:44', 50),
  (842, 5000, '2020-02-10T10:45:48', 51),
  (843, 5000, '2020-02-10T10:45:52', 50),
  (844, 5000, '2020-02-10T10:45:56', 50),
  (845, 5000, '2020-02-10T10:46:00', 50),
  (846, 5000, '2020-02-10T10:46:04', 50),
  (847, 5000, '2020-02-10T10:46:08', 49),
  (848, 5000, '2020-02-10T10:46:12', 49),
  (849, 5000, '2020-02-10T10:46:16', 49),
  (850, 5000, '2020-02-10T10:46:20', 49),
  (851, 5000, '2020-02-10T10:46:24', 52),
  (852, 5000, '2020-02-10T10:46:28', 54),
  (853, 5000, '2020-02-10T10:46:32', 53),
  (854, 5000, '2020-02-10T10:46:36', 52),
  (855, 5000, '2020-02-10T10:46:40', 50),
  (856, 5000, '2020-02-10T10:46:44', 54),
  (857, 5000, '2020-02-10T10:46:48', 53),
  (858, 5000, '2020-02-10T10:46:52', 53),
  (859, 5000, '2020-02-10T10:46:56', 52),
  (860, 5000, '2020-02-10T10:47:00', 51),
  (861, 5000, '2020-02-10T10:47:04', 50),
  (862, 5000, '2020-02-10T10:47:08', 49),
  (863, 5000, '2020-02-10T10:47:12', 48),
  (864, 5000, '2020-02-10T10:47:16', 47),
  (865, 5000, '2020-02-10T10:47:20', 46),
  (866, 5000, '2020-02-10T10:47:24', 46),
  (867, 5000, '2020-02-10T10:47:28', 45),
  (868, 5000, '2020-02-10T10:47:32', 46),
  (869, 5000, '2020-02-10T10:47:36', 47),
  (870, 5000, '2020-02-10T10:47:40', 49),
  (871, 5000, '2020-02-10T10:47:44', 48),
  (872, 5000, '2020-02-10T10:47:48', 47),
  (873, 5000, '2020-02-10T10:47:52', 47),
  (874, 5000, '2020-02-10T10:47:56', 47),
  (875, 5000, '2020-02-10T10:48:00', 48),
  (876, 5000, '2020-02-10T10:48:04', 47),
  (877, 5000, '2020-02-10T10:48:08', 46),
  (878, 5000, '2020-02-10T10:48:12', 47),
  (879, 5000, '2020-02-10T10:48:16', 47),
  (880, 5000, '2020-02-10T10:48:20', 53),
  (881, 5000, '2020-02-10T10:48:24', 51),
  (882, 5000, '2020-02-10T10:48:28', 50),
  (883, 5000, '2020-02-10T10:48:32', 50),
  (884, 5000, '2020-02-10T10:48:36', 49),
  (885, 5000, '2020-02-10T10:48:40', 49),
  (886, 5000, '2020-02-10T10:48:44', 48),
  (887, 5000, '2020-02-10T10:48:48', 47),
  (888, 5000, '2020-02-10T10:48:52', 47),
  (889, 5000, '2020-02-10T10:48:56', 48),
  (890, 5000, '2020-02-10T10:49:00', 48),
  (891, 5000, '2020-02-10T10:49:04', 49),
  (892, 5000, '2020-02-10T10:49:08', 48),
  (893, 5000, '2020-02-10T10:49:12', 47),
  (894, 5000, '2020-02-10T10:49:16', 48),
  (895, 5000, '2020-02-10T10:49:20', 47),
  (896, 5000, '2020-02-10T10:49:24', 46),
  (897, 5000, '2020-02-10T10:49:28', 47),
  (898, 5000, '2020-02-10T10:49:32', 48),
  (899, 5000, '2020-02-10T10:49:36', 47),
  (900, 5000, '2020-02-10T10:49:40', 47),
  (901, 5000, '2020-02-10T10:49:44', 48),
  (902, 5000, '2020-02-10T10:49:48', 48),
  (903, 5000, '2020-02-10T10:49:52', 49),
  (904, 5000, '2020-02-10T10:49:56', 50),
  (905, 5000, '2020-02-10T10:50:00', 51),
  (906, 5000, '2020-02-10T10:50:04', 53),
  (907, 5000, '2020-02-10T10:50:08', 52),
  (908, 5000, '2020-02-10T10:50:12', 51),
  (909, 5000, '2020-02-10T10:50:16', 52),
  (910, 5000, '2020-02-10T10:50:20', 51),
  (911, 5000, '2020-02-10T10:50:24', 50),
  (912, 5000, '2020-02-10T10:50:28', 51),
  (913, 5000, '2020-02-10T10:50:32', 54),
  (914, 5000, '2020-02-10T10:50:36', 55),
  (915, 5000, '2020-02-10T10:50:40', 54),
  (916, 5000, '2020-02-10T10:50:44', 55),
  (917, 5000, '2020-02-10T10:50:48', 54),
  (918, 5000, '2020-02-10T10:50:52', 53),
  (919, 5000, '2020-02-10T10:50:56', 53),
  (920, 5000, '2020-02-10T10:51:00', 54),
  (921, 5000, '2020-02-10T10:51:04', 56),
  (922, 5000, '2020-02-10T10:51:08', 55),
  (923, 5000, '2020-02-10T10:51:12', 54),
  (924, 5000, '2020-02-10T10:51:16', 53),
  (925, 5000, '2020-02-10T10:51:20', 52),
  (926, 5000, '2020-02-10T10:51:24', 51),
  (927, 5000, '2020-02-10T10:51:28', 51),
  (928, 5000, '2020-02-10T10:51:32', 50),
  (929, 5000, '2020-02-10T10:51:36', 52),
  (930, 5000, '2020-02-10T10:51:40', 51),
  (931, 5000, '2020-02-10T10:51:44', 52),
  (932, 5000, '2020-02-10T10:51:48', 52),
  (933, 5000, '2020-02-10T10:51:52', 53),
  (934, 5000, '2020-02-10T10:51:56', 56),
  (935, 5000, '2020-02-10T10:52:00', 55),
  (936, 5000, '2020-02-10T10:52:04', 58),
  (937, 5000, '2020-02-10T10:52:08', 61),
  (938, 5000, '2020-02-10T10:52:12', 59),
  (939, 5000, '2020-02-10T10:52:16', 58),
  (940, 5000, '2020-02-10T10:52:20', 57),
  (941, 5000, '2020-02-10T10:52:24', 58),
  (942, 5000, '2020-02-10T10:52:28', 57),
  (943, 5000, '2020-02-10T10:52:32', 55),
  (944, 5000, '2020-02-10T10:52:36', 56),
  (945, 5000, '2020-02-10T10:52:40', 57),
  (946, 5000, '2020-02-10T10:52:44', 59),
  (947, 5000, '2020-02-10T10:52:48', 58),
  (948, 5000, '2020-02-10T10:52:52', 58),
  (949, 5000, '2020-02-10T10:52:56', 56),
  (950, 5000, '2020-02-10T10:53:00', 55),
  (951, 5000, '2020-02-10T10:53:04', 54),
  (952, 5000, '2020-02-10T10:53:08', 52),
  (953, 5000, '2020-02-10T10:53:12', 51),
  (954, 5000, '2020-02-10T10:53:16', 51),
  (955, 5000, '2020-02-10T10:53:20', 50),
  (956, 5000, '2020-02-10T10:53:24', 51),
  (957, 5000, '2020-02-10T10:53:28', 54),
  (958, 5000, '2020-02-10T10:53:32', 53),
  (959, 5000, '2020-02-10T10:53:36', 52),
  (960, 5000, '2020-02-10T10:53:40', 52),
  (961, 5000, '2020-02-10T10:53:44', 51),
  (962, 5000, '2020-02-10T10:53:48', 52),
  (963, 5000, '2020-02-10T10:53:52', 53),
  (964, 5000, '2020-02-10T10:53:56', 53),
  (965, 5000, '2020-02-10T10:54:00', 54),
  (966, 5000, '2020-02-10T10:54:04', 55),
  (967, 5000, '2020-02-10T10:54:08', 56)